Input Image,Options,"Device, ic: image caption, dc: dense caption, ss: semantic segment, cn: controlnet",output,flag,username,timestamp
/home/dfai/PycharmProjects/Image2Paragraph/flagged/Input Image/tmp1pf18_iw.png,['Semantic Segment'],[],"'
    <h2>Image->Text->Image:</h2>
    <div style=""display: flex; flex-wrap: wrap;"">
        <div style=""flex: 1;"">
            <h3>Image2Text</h3>
            <p>This 600X450 resolution image features multiple objects. One of these objects is a man who is wearing a black shirt and tie, and he is positioned in a way that makes it seem like he is looking at the moon. Another man, this one wearing a suit and tie, is also present in the image, and he too appears to be gazing up at the moon. Additionally, there is a black bear that can be seen in profile, standing out against a dark background. Another man, this one sporting a white beard and black shirt, is also present in the image. Finally, a white sheet of paper with a visible shadow is also part of the picture. While the object positions are varied, each object is clearly visible and can be easily distinguished by its color and shape.</p>
        </div>         
    </div>
    ",,,2023-04-27 09:33:45.569041
/home/lambda_one/project/i2p/flagged/Input Image/tmpkq3bf1re.jpg,"['Image Caption', 'Dense Caption', 'Semantic Segment']",[],"'
    <h2>Description Result:</h2>
    <div style=""display: flex; flex-wrap: wrap;"">
        <div style=""flex: 1;"">
            <p>The image exhibits a gathering of men who are elegantly attired in suits and ties. Each individual strikes a unique feature, from a man wearing a classic black hat and eye-catchy glasses to another one possessing dark hair. A few of them stand out in crisp white suits, while others chose a more traditional dark suit. The noticeable accessories include predominantly black ties, featured by many of the men. There is also a peculiar detail of a man holding onto something - perhaps a piece of paper - with a hole in the middle. The men, characterized by their suits and ties, were embroiled in a meeting or gathering, possibly a formal event given their attire. The photo exudes an air of importance and formality, and it may likely be a significant historical moment, with the men playing crucial roles in that period.

#Suits #Ties #Formal #Event #MenInSuits #HistoricalEvent</p>
        </div>
        

        
        
    </div>
    ",,,2023-10-23 09:28:44.099548
